ID;Formula;Compound Name;A;B;C;TMIN;TMAX
999;H20;Water;8;1731;233;1;100
998;H20s;Water;8;1811;244;99;374
1;CCL4;carbon-tetrachloride;7;1220;227;-20;101
2;CCL3F;trichlorofluoromethane;7;1043;237;-33;27
3;CCL2F2;dichlorodifluoromethane;7;782;235;-119;-30
4;CCLF3;chlorotrifluoromethane;6;522;232;-150;-81
5;CF4;carbon-tetrafluoride;7;541;260;-180;-125
6;CO;carbon-monoxide;6;230;260;-210;-165
7;CO2;carbon-dioxide;10;1348;273;-119;-69
8;COS;carbonyl-sulfide;7;804;250;-111;-49
9;CS2;carbon-disulfide;7;1169;242;-45;69
10;CHCL3;chloroform;7;1171;227;-13;97
11;CHCL2F;dichlorofluoromethane;7;996;234;-91;9
12;CHCLF2;chlorodifluoromethane;7;740;232;-48;-33
13;CHF3;trifluoromethane;7;705;250;-128;-82
14;CHI3;triiodomethane;7;1568;204;137;254
16;CH2CL2;dichloromethane;7;1139;231;-44;59
17;CH2CLF;chlorofluoromethane;6;740;232;-55;12
18;CH2F2;difluoromethane;7;822;245;-82;-32
19;CH2I2;diiodomethane;7;1568;204;83;232
20;CH2O;formaldehyde;7;957;243;-88;-2
21;CH2O2;formic-acid;7;1563;247;-2;136
22;CH3BR;bromomethane;7;987;238;-58;53
23;CH3CL;chloromethane;7;902;244;-93;-7
24;CH3F;fluoromethane;7;740;254;-132;-64
25;CH3I;iodomethane;7;1146;237;-13;52
26;CH3NO2;nitromethane;7;1291;209;5;136
29;CH4;methane;7;405;268;-181;-152
30;CH4O;methanol;8;1575;239;-16;91
31;CH4S;methanethiol;7;1016;239;-70;25
32;CH5N;methylamine;7;1079;240;-61;38
33;C2CL4;tetrachloroethene;7;1415;221;34;187
34;C2CL6;hexachloroethane;7;1627;197;33;186
35;C2CL3F3;112trichlorotrifluoroethane;7;1100;228;-25;83
36;C2CL2F4;12dichlorotetrafluoroethane;7;942;233;-95;4
37;C2CLF5;chloropentafluoroethane;7;803;242;-98;-43
38;C2F4;tetrafluoroethene;7;684;246;-133;-63
39;C2F6;hexafluoroethane;7;657;246;-103;-73
40;C2N2;cyanogen;6;577;182;-77;-4
41;C2HCL3;trichloroethene;7;1315;230;-13;127
42;C2HCL5;pentachloroethane;7;1378;197;25;162
43;C2HF3;trifluoroethene;6;491;227;-93;-31
44;C2H2;acetylene(ethyne);9;1233;281;-129;-83
45;C2H2CL2;1,1-dichloroethene;7;1099;237;-28;32
46;C2H2CL2;cis-1,2-dichloroethene;7;1205;231;0;84
47;C2H2CL2;trans-1,2-dichloroethene;7;1142;232;-38;85
48;C2H2CL4;1,1,2,2-tetrachloroethane;7;1228;180;25;130
49;C2H2F2;1,1-difluoroethene;6;491;227;-140;-86
50;C2H2F2;cis-1,2-difluoroethene;5;491;227;-78;3
51;C2H2F2;trans-1,2-difluoroethene;5;491;227;-78;3
52;C2H2O;ketene;7;803;238;-103;-18
53;C2H3BR;bromoethylene;7;1219;264;-88;16
54;C2H3CL;chloroethene;6;783;230;-88;17
55;C2H3CL3;1,1,2-trichloroethane;7;1351;217;29;155
56;C2H3CLO;acetyl-chloride;7;1063;218;-36;82
57;C2H3F;fluoroethene;6;594;243;-149;-72
58;C2H3F3;1,1,1-trifluoroethane;7;788;243;-3;27
59;C2H3N;acetonitrile;7;1279;224;-13;117
60;C2H4;ethylene;7;585;255;-153;-91
61;C2H4BR2;1,2-dibromoethane;7;1281;202;52;131
62;C2H4CL2;1,1-dichloroethane;7;1171;228;-31;79
63;C2H4CL2;1,2-dichloroethane;7;1271;223;-33;100
64;C2H4F2;1,1-difluoroethane;7;910;244;-35;0
65;C2H4I2;1,2-diiodoethane;7;1647;201;98;253
66;C2H4O;ethylene-oxide;7;1115;244;-73;37
67;C2H4O;acetaldehyde;7;1071;236;-63;47
68;C2H4O2;acetic-acid;7;1479;217;17;157
69;C2H4O2;methyl-formate;7;1125;231;-48;51
70;C2H4OS;thioacetic-acid;8;1479;217;40;106
71;C2H4S;thiacyclopropane;7;1194;232;-35;77
72;C2H5BR;bromoethane;7;1091;232;-47;60
73;C2H5CL;chloroethane;7;1013;237;-73;37
74;C2H5F;fluoroethane;7;854;246;-103;-21
75;C2H5I;iodoethane;7;1232;229;30;60
76;C2H5N;ethylenimine;7;1134;210;-25;86
77;C2H5NO2;nitroethane;8;1671;241;-21;114
78;C2H5NO3;ethyl-nitrate;7;1339;225;0;60
79;C2H6;ethane;7;664;256;-143;-75
80;C2H6O;methyl-ether;7;1026;256;-94;-8
81;C2H6O;ethyl-alcohol;8;1652;231;-3;96
82;C2H6O2;ethylene-glycol;9;2615;245;91;221
83;C2H6S;methyl-sulfide;7;1091;231;-47;58
84;C2H6S;ethanethiol;7;1085;231;-49;56
85;C2H6S2;methyl-disulfide;7;1346;219;6;135
86;C2H7N;ethylamine;7;1137;236;-58;43
87;C2H7N;dimethylamine;7;1024;238;-55;37
88;C3H3N;acrylonitrile;7;1208;222;-18;112
89;C3H4;allene(propadiene);6;458;196;-99;-16
90;C3H4;propyne(methylacetylene);7;804;229;-90;-6
91;C3H4O2;acrylic-acid;7;1442;193;42;177
92;C3H5BR;3-bromo-1-propene;7;1260;232;17;93
93;C3H5CL;3-chloro-1-propene;7;1100;226;-43;77
94;C3H5CL3;1,2,3-trichloropropane;7;1484;204;42;197
95;C3H5I;3-iodo-1-propene;7;1317;220;20;142
96;C3H5N;propionitrile;7;1277;218;-3;132
97;C3H6;propene;7;785;247;-112;-32
98;C3H6;cyclopropane;7;856;247;-93;-28
99;C3H6BR2;1,2-dibromopropane;7;1420;212;50;250
100;C3H6CL2;1,2-dichloropropane;7;1296;221;15;135
101;C3H6CL2;1,3-dichloropropane;7;1376;216;34;162
102;C3H6CL2;2,2-dichloropropane;7;1201;226;-6;105
103;C3H6I2;1,2-diiodopropane;6;1507;245;125;275
104;C3H6O;propylene-oxide;7;915;208;-48;67
105;C3H6O;allyl-alcohol;7;1272;188;13;127
106;C3H6O;propionaldehyde;7;1155;229;-38;77
107;C3H6O;acetone;7;1277;237;-32;77
108;C3H6S;thiacyclobutane;7;1321;225;-5;120
109;C3H7BR;1-bromopropane;7;1260;232;-53;71
110;C3H7BR;2-bromopropane;7;1223;237;-62;60
111;C3H7CL;1-chloropropane;7;1121;230;-43;77
112;C3H7CL;2-chloropropane;7;1082;230;-48;67
113;C3H7F;1-fluoropropane;7;965;240;-70;30
114;C3H7F;2-fluoropropane;7;965;240;-49;8
115;C3H7I;1-iodopropane;7;1507;245;-36;103
116;C3H7I;2-iodopropane;7;1340;234;-43;90
117;C3H7NO2;1-nitropropane;7;1467;215;59;131
118;C3H7NO2;2-nitropropane;7;1664;241;-19;120
119;C3H7NO3;propyl-nitrate;8;1722;245;0;70
120;C3H7NO3;isopropyl-nitrate;6;1019;184;0;70
121;C3H8;propane;7;804;247;-108;-25
122;C3H8O;ethyl-methyl-ether;6;504;161;-68;37
123;C3H8O;propyl-alcohol;8;1375;193;12;127
124;C3H8O;isopropyl-alcohol;8;1581;220;0;101
125;C3H8S;ethyl-methyl-sulfide;7;1183;225;-26;90
126;C3H8S;1-propanethiol;7;1183;225;-25;91
127;C3H8S;2-propanethiol;7;1114;226;-37;75
128;C3H9N;propylamine;7;1108;224;-38;77
129;C3H9N;trimethylamine;7;969;234;-58;32
130;C4F8;octafluorocyclobutane;7;862;225;-32;1
131;C4H2;butadiyne(biacetylene);6;461;165;-78;0
132;C4H4;1buten3yne(vinylacetylene);7;957;230;-73;32
133;C4H4O;furan;7;1061;228;-35;90
134;C4H4S;thiophene;7;1246;221;-12;108
135;C4H6;1,2-butadiene;7;1041;242;-26;30
136;C4H6;1,3-butadiene;7;931;239;-58;14
137;C4H6;1-butyne(ethylacetylene);7;989;233;-68;27
138;C4H6;2-butyne(dimethylacetylene);7;1102;236;-30;47
139;C4H6;cyclobutene;7;1009;245;-77;2
140;C4H6O3;acetic-anhydride;7;1428;198;35;164
141;C4H7N;butyronitrile;7;1391;217;34;160
142;C4H7N;isobutyronitrile;7;1391;217;49;127
143;C4H8;1-butene;7;926;240;-81;13
144;C4H8;2-butene,cis;7;960;237;-73;23
145;C4H8;2-butene,trans;7;961;240;-76;20
146;C4H8;2-methylpropene;7;923;240;-82;12
147;C4H8;cyclobutane;7;1025;241;-73;17
148;C4H8BR2;1,2-dibromobutane;7;1759;235;8;166
149;C4H8BR2;2,3-dibromobutane;7;1691;230;5;161
150;C4H8I2;1,2-diiodobutane;6;1507;245;110;246
151;C4H8O;butyraldehyde;7;1233;223;-18;107
152;C4H8O;2-butanone;7;1368;237;-16;103
153;C4H8O2;p-dioxane;7;1289;211;2;137
154;C4H8O2;ethyl-acetate;7;1212;216;-13;112
155;C4H8S;thiacyclopentane;7;1402;220;14;147
156;C4H9BR;1-bromobutane;7;1299;220;19;141
157;C4H9BR;2-bromobutane;7;1229;220;10;146
158;C4H9BR;2-bromo-2-methylpropane;7;1130;225;-7;110
159;C4H9CL;1-chlorobutane;7;1227;224;-18;112
160;C4H9CL;2-chlorobutane;7;1196;226;-23;102
161;C4H9CL;1-chloro-2-methylpropane;7;1205;227;-54;69
162;C4H9CL;2-chloro-2-methylpropane;7;1115;229;-38;87
163;C4H9I;2-iodo-2-methylpropane;7;1507;245;42;124
164;C4H9N;pyrrolidine;7;1180;205;27;127
165;C4H9NO2;1-nitrobutane;7;1467;215;86;182
166;C4H9NO2;2-nitrobutane;7;1664;241;75;167
167;C4H10;butane;7;936;239;-78;19
168;C4H10;2-methylpropane(isobutane);7;946;247;-87;7
169;C4H10O;ethyl-ether;7;1064;229;-61;20
170;C4H10O;methyl-propyl-ether;6;709;180;0;39
171;C4H10O;methyl-isopropyl-ether;6;709;180;-12;51
172;C4H10O;butyl-alcohol;7;1362;179;15;131
173;C4H10O;sec-butyl-alcohol;7;1314;187;25;120
174;C4H10O;tert-butyl-alcohol;7;1154;178;20;103
175;C4H10S;ethylsulfide;7;1258;219;-6;117
176;C4H10S;isopropyl-methyl-sulfide;7;1232;222;-13;109
177;C4H10S;methyl-propyl-sulfide;7;1284;220;-4;120
178;C4H10S;1-butanethiol;7;1281;218;-2;123
179;C4H10S;2-butanethiol;7;1230;222;-13;109
180;C4H10S;2-methyl-1-propanethiol;7;1237;220;-10;113
181;C4H10S;2-methyl-2-propanethiol;7;1116;221;1;87
182;C4H10S2;ethyl-disulfide;7;1486;209;40;182
183;C4H11N;butylamine;7;1308;224;-14;100
184;C4H11N;sec-butylamine;7;1238;227;-9;98
185;C4H11N;tert-butylamine;7;993;210;19;75
186;C4H11N;diethylamine;7;1127;220;-31;77
187;C5H5N;pyridine;7;1344;212;12;152
188;C5H6S;2-methylthiophene;7;1326;214;9;138
189;C5H6S;3-methylthiophene;7;1364;217;11;141
190;C5H8;1,2-pentadiene;7;1105;229;-20;66
191;C5H8;1,3-pentadiene,cis;7;1102;229;-17;65
192;C5H8;1,3-pentadiene,trans;7;1104;232;-16;63
193;C5H8;1,4-pentadiene;7;1018;231;-33;46
194;C5H8;2,3-pentadiene;7;1127;228;-13;69
195;C5H8;3-methyl-1,2-butadiene;7;1104;231;-20;62
196;C5H8;2-methyl-1,3-butadiene;7;1072;234;-18;55
197;C5H8;1-pentyne;7;1093;227;-43;62
198;C5H8;2-pentyne;7;1190;230;-33;78
199;C5H8;3-methyl-1-butyne;7;1015;227;-55;47
200;C5H8;cyclopentene;7;1122;233;-29;105
201;C5H8;spiropentane;7;1090;231;3;71
202;C5H10;1-pentene;7;1045;234;-55;51
203;C5H10;2-pentene,cis;7;1068;231;-49;58
204;C5H10;2-pentene,trans;7;1084;233;-49;58
205;C5H10;2-methyl-1-butene;7;1054;233;-53;52
206;C5H10;3-methyl-1-butene;7;1013;237;-63;41
207;C5H10;2-methyl-2-butene;7;1095;233;-48;60
208;C5H10;cyclopentane;7;1124;231;-40;72
209;C5H10BR2;2,3-dibromo-2-methylbutane;7;1696;207;81;218
210;C5H10O;valeraldehyde;7;1316;215;4;139
211;C5H10O;2-pentanone;7;1275;211;2;137
212;C5H10S;thiacyclohexane;7;1422;212;29;170
213;C5H10S;cyclopentanethiol;7;1389;212;81;173
214;C5H11BR;1-bromopentane;7;1402;214;41;173
215;C5H11CL;1-chloropentane;7;1333;219;24;148
216;C5H11CL;1-chloro-3-methylbutane;7;1259;223;39;124
217;C5H11CL;2-chloro-2-methylbutane;7;1259;223;7;123
218;C5H12;pentane;7;1076;233;-50;58
219;C5H12;2-methylbutane(isopentane);7;1041;235;-57;49
220;C5H12;2,2-dimethypropane;7;883;228;-13;29
221;C5H12O;methyl-tert-butyl-ether;6;709;180;2;80
222;C5H12O;pentyl-alcohol;7;1315;168;37;138
223;C5H12O;tert-pentyl-alcohol;8;1605;208;55;133
224;C5H12S;butyl-methyl-sulfide;7;1364;212;17;150
225;C5H12S;ethyl-propyl-sulfide;7;1342;213;14;145
226;C5H12S;2-methyl-2-butanethiol;7;1255;219;-3;125
227;C5H12S;1-pentanethiol;7;1369;211;20;153
228;C6CL6;hexachlorobenzene;10;4598;356;114;309
229;C6F6;hexafluorobenzene;7;1228;216;-3;117
230;C6H4CL2;o-dichlorobenzene;7;1650;213;58;210
231;C6H4CL2;m-dichlorobenzene;7;1782;230;53;202
232;C6H4CL2;p-dichlorobenzene;7;1575;209;54;204
233;C6H4F2;m-difluorobenzene;7;1310;223;36;114
234;C6H4F2;o-difluorobenzene;7;1310;223;31;130
235;C6H4F2;p-difluorobenzene;7;1310;223;34;112
236;C6H5BR;bromobenzene;7;1439;205;47;177
237;C6H5CL;chlorobenzene;7;1431;218;47;147
238;C6H5F;fluorobenzene;7;1382;236;-23;97
239;C6H5I;iodobenzene;7;1640;209;17;197
240;C6H6;benzene;7;1211;221;-16;104
241;C6H6O;phenol;7;1516;175;72;208
242;C6H6S;benzenethiol;7;1529;203;52;198
243;C6H7N;2-picoline;7;1416;212;79;169
244;C6H7N;3-picoline;7;1482;211;74;185
245;C6H7N;aniline;7;1675;200;67;227
246;C6H10;1-hexyne;7;1195;225;-8;118
247;C6H10;cyclohexene;7;1222;223;27;87
248;C6H10;1-methylcyclopentene;7;1200;225;-5;130
249;C6H10;3-methylcyclopentene;7;1166;227;-10;119
250;C6H10;4-methylcyclopentene;7;1198;225;-2;130
251;C6H10O;cyclohexanone;7;1496;210;90;166
252;C6H12;1-hexene;7;1153;226;-29;87
253;C6H12;2-hexene,cis;7;1259;234;-25;92
254;C6H12;2-hexene,trans;7;1173;225;-25;91
255;C6H12;3-hexene,cis;7;1164;225;-27;90
256;C6H12;3-hexene,trans;7;1181;225;-26;90
257;C6H12;2-methyl-1-pentene;7;1139;225;-30;85
258;C6H12;3-methyl-1-pentene;7;1086;226;-37;77
259;C6H12;4-methyl-1-pentene;7;1121;230;-38;77
260;C6H12;2-methyl-2-pentene;7;1184;226;-26;90
261;C6H12;3-methyl-2-pentene,cis;7;1186;227;-26;91
262;C6H12;3-methyl-2-pentene,trans;7;1195;225;-23;94
263;C6H12;4-methyl-2-pentene,cis;7;1121;227;-35;79
264;C6H12;4-methyl-2-pentene,trans;7;1143;227;-33;81
265;C6H12;2-ethyl-1-butene;7;1218;231;-28;88
266;C6H12;2,3-dimethyl-1-butene;7;1135;229;-36;78
267;C6H12;3,3-dimethyl-1-butene;7;1011;225;-47;64
268;C6H12;2,3-dimethyl-2-butene;7;1215;225;-21;97
269;C6H12;cyclohexane;7;1202;223;6;105
270;C6H12;methylcyclopentane;7;1186;226;-24;96
271;C6H12O;cyclohexanol;6;913;109;94;161
272;C6H12O;hexanal;7;1316;215;64;156
273;C6H12S;thiacycloheptane;7;1422;212;78;169
274;C6H14;hexane;7;1169;224;-25;92
275;C6H14;2-methylpentane;7;1135;227;-32;83
276;C6H14;3-methylpentane;7;1152;227;-29;89
277;C6H14;2,2-dimethylbutane;7;1081;229;-41;73
278;C6H14;2,3-dimethylbutane;7;1127;229;-35;81
279;C6H14O;propyl-ether;7;1257;219;26;89
280;C6H14O;isopropyl-ether;7;1258;230;-24;91
281;C6H14O;hexyl-alcohol;8;1761;197;35;157
282;C6H14S;butyl-ethyl-sulfide;7;1421;206;33;172
283;C6H14S;isopropyl-sulfide;7;1327;213;13;147
284;C6H14S;methyl-pentyl-sulfide;7;1413;206;70;153
285;C6H14S;propyl-sulfide;7;1413;206;32;170
286;C6H14S;1-hexanethiol;7;1454;205;40;181
287;C6H14S2;propyl-disulfide;7;1604;196;73;226
288;C6H15N;triethylamine;7;1252;222;-13;127
289;C7H5F3;a,a,a-trifluorotoluene;7;1306;217;55;139
290;C7H5N;benzonitrile;8;2111;245;28;191
291;C7H6O2;benzoic-acid;7;1820;148;132;287
292;C7H7F;p-fluorotoluene;7;1374;217;68;155
293;C7H8;toluene;7;1345;219;6;136
294;C7H8;1,3,5-cycloheptatriene;7;1377;221;0;65
295;C7H8O;m-cresol;8;1856;199;97;207
296;C7H8O;o-cresol;7;1436;165;97;207
297;C7H8O;p-cresol;7;1511;162;97;207
298;C7H12;1-heptyne;7;1217;220;14;142
299;C7H14;1-heptene;7;1258;219;-6;118
300;C7H14;cycloheptane;7;1332;216;57;162
301;C7H14;ethylcyclopentane;7;1299;221;-3;129
302;C7H14;1,1-dimethylcyclopentane;7;1219;222;-12;113
303;C7H14;c-1,2-dimethylcyclopentane;7;1269;220;-3;125
304;C7H14;t-1,2-dimethylcyclopentane;7;1243;222;-9;117
305;C7H14;c-1,3-dimethylcyclopentane;7;1237;222;-10;116
306;C7H14;t-1,3-dimethylcyclopentane;7;1240;222;-9;117
307;C7H14;methylcyclohexane;7;1271;221;-3;127
308;C7H14O;heptanal;5;686;112;12;155
309;C7H16;heptane;7;1264;217;-2;123
310;C7H16;2-methylhexane;7;1236;220;-9;115
311;C7H16;3-methylhexane;7;1240;219;-8;117
312;C7H16;3-ethylpentane;7;1252;220;-7;118
313;C7H16;2,2-dimethylpentane;7;1190;223;-19;104
314;C7H16;2,3-dimethylpentane;7;1238;222;-10;115
315;C7H16;2,4-dimethylpentane;7;1192;222;-17;105
316;C7H16;3,3-dimethylpentane;7;1229;225;-14;111
317;C7H16;2,2,3-trimethylbutane;7;1201;226;-19;106
318;C7H16O;isopropyl-tert-butyl-ether;7;1258;230;41;134
319;C7H16O;heptyl-alcohol;7;1141;127;60;176
320;C7H16S;butyl-propyl-sulfide;7;1421;206;99;203
321;C7H16S;ethyl-pentyl-sulfide;7;1421;206;99;203
322;C7H16S;hexyl-methyl-sulfide;7;1421;206;99;203
323;C7H16S;1-heptanethiol;7;1525;198;59;206
324;C8H6;ethynylbenzene;7;1446;209;82;172
325;C8H8;styrene;7;1446;209;32;187
326;C8H8;1,3,5,7-cyclooctatetraene;7;1472;216;0;75
327;C8H10;ethylbenzene;7;1424;213;26;163
328;C8H10;m-xylene;7;1462;215;28;166
329;C8H10;o-xylene;7;1475;214;32;172
330;C8H10;p-xylene;7;1453;215;27;166
331;C8H14;1-octyne;7;1414;215;25;170
332;C8H16;1-octene;7;1353;213;15;148
333;C8H16;cyclooctane;7;1438;210;94;197
334;C8H16;propylcyclopentane;7;1384;213;21;158
335;C8H16;ethylcyclohexane;7;1382;215;21;160
336;C8H16;1,1-dimethylcyclohexane;7;1322;218;10;147
337;C8H16;c-1,2-dimethylcyclohexane;7;1367;216;18;158
338;C8H16;t-1,2-dimethylcyclohexane;7;1354;219;13;151
339;C8H16;c-1,3-dimethylcyclohexane;7;1338;218;11;147
340;C8H16;t-1,3-dimethylcyclohexane;7;1344;215;15;152
341;C8H16;c-1,4-dimethylcyclohexane;7;1346;216;15;152
342;C8H16;t-1,4-dimethylcyclohexane;7;1330;219;10;147
343;C8H16O;octanal;13;3978;245;73;169
344;C8H18;octane;7;1350;209;19;152
345;C8H18;2-methylheptane;7;1337;214;12;144
346;C8H18;3-methylheptane;7;1332;212;13;145
347;C8H18;4-methylheptane;7;1328;213;12;144
348;C8H18;3-ethylhexane;7;1328;213;13;145
349;C8H18;2,2-dimethylhexane;7;1274;215;3;133
350;C8H18;2,3-dimethylhexane;7;1316;214;10;142
351;C8H18;2,4-dimethylhexane;7;1288;215;5;135
352;C8H18;2,5-dimethylhexane;7;1287;214;5;135
353;C8H18;3,3-dimethylhexane;7;1308;217;6;138
354;C8H18;3,4-dimethylhexane;7;1330;215;11;144
355;C8H18;3-ethyl-2-methylpentane;7;1318;215;9;142
356;C8H18;3-ethyl-3-methylpentane;7;1347;220;10;145
357;C8H18;2,2,3-trimethylpentane;7;1295;218;4;136
358;C8H18;2,2,4-trimethylpentane;7;1258;221;-4;125
359;C8H18;2,3,3-trimethylpentane;7;1328;220;7;142
360;C8H18;2,3,4-trimethylpentane;7;1315;218;7;140
361;C8H18;2,2,3,3-tetramethylbutane;7;1330;226;103;133
362;C8H18O;butyl-ether;7;1432;207;32;182
363;C8H18O;sec-butyl-ether;7;1349;224;57;149
364;C8H18O;tert-butyl-ether;7;1349;224;4;109
365;C8H18O;octyl-alcohol;7;1311;136;70;195
366;C8H18S;butyl-sulfide;7;1421;206;106;215
367;C8H18S;ethyl-hexyl-sulfide;6;1421;206;115;231
368;C8H18S;heptyl-methyl-sulfide;6;1421;206;115;231
369;C8H18S;pentyl-propyl-sulfide;6;1421;206;115;231
370;C8H18S;1-octanethiol;7;1593;191;76;229
371;C8H18S2;butyl-disulfide;7;1684;181;101;263
372;C9H10;alpha-methylstyrene;7;1583;206;75;220
373;C9H10;propenylbenzene,cis;7;1909;239;18;179
374;C9H10;propenylbenzene,trans;8;1909;239;105;197
375;C9H10;m-methylstyrene;7;1471;200;72;250
376;C9H10;o-methylstyrene;7;1485;200;75;255
377;C9H10;p-methylstyrene;7;1535;201;68;170
378;C9H12;propylbenzene;7;1491;207;43;188
379;C9H12;cumene;7;1461;208;38;181
380;C9H12;m-ethyltoluene;7;1529;209;46;190
381;C9H12;o-ethyltoluene;7;1535;207;48;194
382;C9H12;p-ethyltoluene;7;1527;209;46;191
383;C9H12;1,2,3-trimethylbenzene;7;1594;207;57;205
384;C9H12;1,2,4-trimethylbenzene;7;1573;209;52;198
385;C9H12;mesitylene;7;1570;210;49;193
386;C9H16;1-nonyne;7;1405;210;50;223
387;C9H18;1-nonene;7;1435;206;36;174
388;C9H18;butylcyclopentane;7;1457;206;41;185
389;C9H18;propylcyclohexane;7;1461;208;40;186
390;C9H18;c-c-135trimethylcyclohexane;7;1461;208;78;164
391;C9H18;c-t-135trimethylcyclohexane;7;1461;208;80;166
392;C9H18O;nonanal;8;2037;227;33;185
393;C9H20;nonane;7;1429;202;39;179
394;C9H20;2-methyloctane;7;1398;204;33;171
395;C9H20;3-methyloctane;7;1406;205;33;172
396;C9H20;4-methyloctane;7;1399;205;32;170
397;C9H20;3-ethylheptane;7;1407;207;32;171
398;C9H20;4-ethylheptane;7;1400;207;30;169
399;C9H20;2,2-dimethylheptane;7;1364;208;24;160
400;C9H20;2,3-dimethylheptane;7;1390;207;29;168
401;C9H20;2,4-dimethylheptane;7;1369;207;24;160
402;C9H20;2,5-dimethylheptane;7;1375;207;27;163
403;C9H20;2,6-dimethylheptane;7;1368;206;26;162
404;C9H20;3,3-dimethylheptane;7;1385;210;26;165
405;C9H20;3,4-dimethylheptane;7;1397;208;29;168
406;C9H20;3,5-dimethylheptane;7;1383;208;26;163
407;C9H20;4,4-dimethylheptane;7;1379;210;24;163
408;C9H20;3-ethyl-2-methylhexane;7;1390;209;27;166
409;C9H20;4-ethyl-2-methylhexane;7;1376;209;25;161
410;C9H20;3-ethyl-3-methylhexane;7;1407;211;28;169
411;C9H20;3-ethyl-4-methylhexane;7;1404;210;29;168
412;C9H20;2,2,3-trimethylhexane;7;1376;212;23;161
413;C9H20;2,2,4-trimethylhexane;7;1341;211;18;154
414;C9H20;2,2,5-trimethylhexane;7;1324;211;16;151
415;C9H20;2,3,3-trimethylhexane;7;1390;212;25;166
416;C9H20;2,3,4-trimethylhexane;7;1387;210;27;167
417;C9H20;2,3,5-trimethylhexane;7;1359;209;22;159
418;C9H20;2,4,4-trimethylhexane;7;1369;214;20;158
419;C9H20;3,3,4-trimethylhexane;7;1404;213;27;169
420;C9H20;3,3-diethylpentane;7;1451;216;31;175
421;C9H20;3-ethyl-2,2-dimethylpentane;7;1383;213;23;162
422;C9H20;3-ethyl-2,3-dimethylpentane;7;1418;213;30;174
423;C9H20;3-ethyl-2,4-dimethylpentane;7;1381;211;25;165
424;C9H20;2,2,3,3-tetramethylpentane;7;1397;214;26;169
425;C9H20;2,2,3,4-tetramethylpentane;7;1374;215;21;161
426;C9H20;2,2,4,4-tetramethylpentane;7;1325;216;13;150
427;C9H20;2,3,3,4-tetramethylpentane;7;1417;215;27;170
428;C9H20O;nonyl-alcohol;7;1277;123;90;214
429;C9H20S;butyl-pentyl-sulfide;6;1421;206;129;258
430;C9H20S;ethyl-heptyl-sulfide;6;1421;206;129;258
431;C9H20S;hexyl-propyl-sulfide;6;1421;206;129;258
432;C9H20S;methyl-octyl-sulfide;6;1421;206;129;258
433;C9H20S;1-nonanethiol;7;1656;184;93;251
434;C10H8;naphthalene;7;1734;202;87;250
435;C10H8;azulene;7;1734;202;160;278
436;C10H14;butylbenzene;7;1578;201;62;213
437;C10H14;m-diethylbenzene;7;1575;201;61;211
438;C10H14;o-diethylbenzene;7;1577;201;63;213
439;C10H14;p-diethylbenzene;7;1588;202;63;214
440;C10H14;1,2,3,4-tetramethylbenzene;7;1691;199;80;236
441;C10H14;1,2,3,5-tetramethylbenzene;7;1675;201;75;228
442;C10H14;1,2,4,5-tetramethylbenzene;7;1672;201;74;227
443;C10H18;1-decyne;7;1607;206;78;246
444;C10H18;decahydronaphthalene,cis;7;1594;203;68;228
445;C10H18;decahydronaphthalene,trans;7;1565;206;61;219
446;C10H20;1-decene;7;1502;198;54;199
447;C10H20;1-cyclopentylpentane;7;1541;199;60;210
448;C10H20;butylcyclohexane;7;1539;201;59;211
449;C10H20O;decanal;8;2378;238;52;209
450;C10H22;decane;7;1509;195;58;203
451;C10H22;2-methylnonane;7;1473;196;52;196
452;C10H22;3-methylnonane;7;1479;198;52;197
453;C10H22;4-methylnonane;7;1471;198;50;194
454;C10H22;5-methylnonane;7;1468;199;50;194
455;C10H22;3-ethyloctane;7;1477;199;50;195
456;C10H22;4-ethyloctane;7;1467;200;48;192
457;C10H22;2,2-dimethyloctane;7;1440;201;43;185
458;C10H22;2,3-dimethyloctane;7;1462;200;48;193
459;C10H22;2,4-dimethyloctane;7;1440;200;43;184
460;C10H22;2,5-dimethyloctane;7;1443;200;44;187
461;C10H22;2,6-dimethyloctane;7;1451;199;45;187
462;C10H22;2,7-dimethyloctane;7;1444;198;46;188
463;C10H22;3,3-dimethyloctane;7;1458;203;45;190
464;C10H22;3,4-dimethyloctane;7;1466;201;47;192
465;C10H22;3,5-dimethyloctane;7;1449;201;44;188
466;C10H22;3,6-dimethyloctane;7;1457;201;46;189
467;C10H22;4,4-dimethyloctane;7;1447;204;42;186
468;C10H22;4,5-dimethyloctane;7;1461;202;46;191
469;C10H22;4-propylheptane;7;1459;201;44;186
470;C10H22;4-isopropylheptane;7;1450;203;43;188
471;C10H22;3-ethyl-2-methylheptane;7;1458;202;45;190
472;C10H22;4-ethyl-2-methylheptane;7;1438;202;42;185
473;C10H22;5-ethyl-2-methylheptane;7;1449;201;44;188
474;C10H22;3-ethyl-3-methylheptane;7;1473;205;46;193
475;C10H22;4-ethyl-3-methylheptane;7;1464;203;45;191
476;C10H22;3-ethyl-5-methylheptane;7;1455;202;44;187
477;C10H22;3-ethyl-4-methylheptane;7;1467;203;46;192
478;C10H22;4-ethyl-4-methylheptane;7;1465;205;44;190
479;C10H22;2,2,3-trimethylheptane;7;1446;204;42;187
480;C10H22;2,2,4-trimethylheptane;7;1409;205;35;177
481;C10H22;2,2,5-trimethylheptane;7;1417;204;37;179
482;C10H22;2,2,6-trimethylheptane;7;1411;203;37;177
483;C10H22;2,3,3-trimethylheptane;7;1458;205;43;189
484;C10H22;2,3,4-trimethylheptane;7;1452;204;44;189
485;C10H22;2,3,5-trimethylheptane;7;1440;203;44;190
486;C10H22;2,3,6-trimethylheptane;7;1434;202;42;184
487;C10H22;2,4,4-trimethylheptane;7;1418;205;37;180
488;C10H22;2,4,5-trimethylheptane;7;1437;203;41;185
489;C10H22;2,4,6-trimethylheptane;7;1411;202;36;175
490;C10H22;2,5,5-trimethylheptane;7;1429;204;39;181
491;C10H22;3,3,4-trimethylheptane;7;1467;206;44;191
492;C10H22;3,3,5-trimethylheptane;7;1435;205;40;185
493;C10H22;3,4,4-trimethylheptane;7;1464;206;43;190
494;C10H22;3,4,5-trimethylheptane;7;1463;204;45;192
495;C10H22;3-isopropyl-2-methylhexane;7;1441;205;45;197
496;C10H22;3,3-diethylhexane;7;1491;206;47;196
497;C10H22;3,4-diethylhexane;7;1473;204;46;193
498;C10H22;3-ethyl-2,2-dimethylhexane;7;1444;206;40;185
499;C10H22;4-ethyl-2,2-dimethylhexane;7;1416;206;34;175
500;C10H22;3-ethyl-2,3-dimethylhexane;7;1476;207;45;194
501;C10H22;4-ethyl-2,3-dimethylhexane;7;1458;205;44;190
502;C10H22;3-ethyl-2,4-dimethylhexane;7;1455;205;43;189
503;C10H22;4-ethyl-2,4-dimethylhexane;7;1464;206;43;190
504;C10H22;3-ethyl-2,5-dimethylhexane;7;1429;204;39;183
505;C10H22;4-ethyl-3,3-dimethylhexane;7;1473;207;44;193
506;C10H22;3-ethyl-3,4-dimethylhexane;7;1470;207;44;192
507;C10H22;2,2,3,3-tetramethylhexane;7;1464;209;41;190
508;C10H22;2,2,3,4-tetramethylhexane;7;1444;207;41;188
509;C10H22;2,2,3,5-tetramethylhexane;7;1418;206;35;177
510;C10H22;2,2,4,4-tetramethylhexane;7;1396;209;35;184
511;C10H22;2,2,4,5-tetramethylhexane;7;1401;206;34;176
512;C10H22;2,2,5,5-tetramethylhexane;7;1378;207;27;165
513;C10H22;2,3,3,4-tetramethylhexane;7;1475;208;45;195
514;C10H22;2,3,3,5-tetramethylhexane;7;1429;207;37;182
515;C10H22;2,3,4,4-tetramethylhexane;7;1458;208;42;191
516;C10H22;2,3,4,5-tetramethylhexane;7;1443;205;40;185
517;C10H22;3,3,4,4-tetramethylhexane;7;1493;210;47;201
518;C10H22;24dimethyl3isopropylpentane;7;1432;206;40;186
519;C10H22;33-diethyl-2-methylpentane;7;1502;208;49;200
520;C10H22;3ethyl-223trimethylpentane;7;1490;210;47;200
521;C10H22;3ethyl-224trimethylpentane;7;1436;208;38;185
522;C10H22;3ethyl-234trimethylpentane;7;1487;208;47;200
523;C10H22;22334-pentamethylpentane;7;1475;211;44;197
524;C10H22;22344-pentamethylpentane;7;1424;210;38;190
525;C10H22O;decyl-alcohol;7;1472;134;103;230
526;C10H22S;butyl-hexyl-sulfide;6;1421;206;143;285
527;C10H22S;ethyl-octyl-sulfide;6;1421;206;143;285
528;C10H22S;heptyl-propyl-sulfide;6;1421;206;143;285
529;C10H22S;methyl-nonyl-sulfide;6;1421;206;143;285
530;C10H22S;pentyl-sulfide;6;1421;206;143;285
531;C10H22S;1-decanethiol;7;1714;177;109;271
532;C10H22S2;pentyl-disulfide;7;1756;167;128;298
533;C11H10;1-methylnaphthalene;7;1827;195;108;278
534;C11H10;2-methylnaphthalene;7;1840;198;105;274
535;C11H16;pentylbenzene;7;1640;195;80;237
536;C11H16;pentamethylbenzene;7;1834;199;125;270
537;C11H20;1-undecyne;7;1687;202;80;267
538;C11H22;1-undecene;7;1562;190;72;222
539;C11H22;1-cyclopentylhexane;7;1608;192;78;234
540;C11H22;pentylcyclohexane;7;1619;195;78;235
541;C11H24;undecane;7;1570;188;75;226
542;C11H24O;undecyl-alcohol;7;1250;100;120;243
543;C11H24S;butyl-heptyl-sulfide;6;1421;206;155;309
544;C11H24S;decyl-methyl-sulfide;6;1421;206;155;309
545;C11H24S;ethyl-nonyl-sulfide;6;1421;206;155;309
546;C11H24S;octyl-propyl-sulfide;6;1421;206;155;309
547;C11H24S;1-undecanethiol;7;1767;170;124;290
548;C12H10;biphenyl;7;1999;203;70;272
549;C12H12;1-ethylnaphthalene;7;1841;185;120;292
550;C12H12;2-ethylnaphthalene;7;1881;191;118;291
551;C12H12;1,2-dimethylnaphthalene;7;1805;171;129;269
552;C12H12;1,3-dimethylnaphthalene;7;2076;210;148;310
553;C12H12;1,4-dimethylnaphthalene;7;2076;210;148;310
554;C12H12;1,5-dimethylnaphthalene;7;1855;180;150;313
555;C12H12;1,6-dimethylnaphthalene;7;2076;210;148;310
556;C12H12;1,7-dimethylnaphthalene;7;1879;180;150;320
557;C12H12;2,3-dimethylnaphthalene;7;1869;180;155;315
558;C12H12;2,6-dimethylnaphthalene;7;1841;180;150;310
559;C12H12;2,7-dimethylnaphthalene;7;1846;180;150;310
560;C12H18;hexylbenzene;7;1701;188;96;258
561;C12H18;1,2,3-triethylbenzene;8;2134;236;146;247
562;C12H18;1,2,4-triethylbenzene;8;2134;236;46;218
563;C12H18;1,3,5-triethylbenzene;8;2134;236;145;246
564;C12H18;hexamethylbenzene;7;2134;236;178;300
565;C12H22;1-dodecyne;7;1771;198;113;288
566;C12H24;1-dodecene;7;1620;182;89;244
567;C12H24;1-cyclopentylheptane;7;1672;184;95;256
568;C12H24;1-cyclohexylhexane;7;1681;188;94;257
569;C12H26;dodecane;7;1639;182;91;247
570;C12H26O;dodecyl-alcohol;8;2003;168;138;214
571;C12H26S;butyl-octyl-sulfide;7;1408;116;134;307
572;C12H26S;decyl-ethyl-sulfide;6;1421;206;166;333
573;C12H26S;hexyl-sulfide;6;1421;206;166;333
574;C12H26S;methyl-undecyl-sulfide;6;1421;206;166;333
575;C12H26S;nonyl-propyl-sulfide;6;1421;206;166;333
576;C12H26S;1-dodecanethiol;7;1818;164;138;308
577;C12H26S2;hexyl-disulfide;7;1825;154;153;328
578;C13H14;1-propylnaphthalene;7;1891;180;155;335
579;C13H14;2-propylnaphthalene;7;1896;180;160;335
580;C13H14;2ethyl-3-methylnaphthalene;7;1896;180;196;312
581;C13H14;2ethyl-6-methylnaphthalene;7;1896;180;192;303
582;C13H14;2ethyl-7-methylnaphthalene;7;1896;180;192;303
583;C13H20;1-phenylheptane;7;1761;182;112;279
584;C13H24;1-tridecyne;7;1834;195;120;308
585;C13H26;1-tridecene;7;1675;175;105;264
586;C13H26;1-cyclopentyloctane;7;1730;177;112;276
587;C13H26;1-cyclohexylheptane;7;1743;181;111;278
588;C13H28;tridecane;7;1691;174;107;267
589;C13H28O;1-tridecanol;7;2003;168;202;304
590;C13H28S;butyl-nonyl-sulfide;6;1421;206;177;355
591;C13H28S;decyl-propyl-sulfide;6;1421;206;177;355
592;C13H28S;dodecyl-methyl-sulfide;6;1421;206;177;355
593;C13H28S;ethyl-undecyl-sulfide;6;1421;206;177;355
594;C13H28S;1-tridecanethiol;7;1865;158;151;325
595;C14H16;1-butylnaphthalene;5;657;26;139;292
596;C14H16;2-butylnaphthalene;7;1591;139;145;291
597;C14H22;1-phenyloctane;7;1812;175;127;298
598;C14H22;1,2,3,4-tetraethylbenzene;8;2313;236;66;248
599;C14H22;1,2,3,5-tetraethylbenzene;8;2313;236;174;282
600;C14H22;1,2,4,5-tetraethylbenzene;8;2313;236;174;282
601;C14H26;1-tetradecyne;7;1928;191;145;326
602;C14H28;1-tetradecene;7;1745;170;119;283
603;C14H28;1-cyclopentylnonane;7;1779;170;126;296
604;C14H28;1-cyclohexyloctane;7;1799;174;126;298
605;C14H30;tetradecane;7;1741;168;122;286
606;C14H30O;1-tetradecanol;7;1205;54;130;264
607;C14H30S;butyl-decyl-sulfide;6;1421;206;187;376
608;C14H30S;dodecyl-ethyl-sulfide;6;1421;206;187;376
609;C14H30S;heptyl-sulfide;6;1421;206;187;376
610;C14H30S;methyl-tridecyl-sulfide;6;1421;206;187;376
611;C14H30S;propyl-undecyl-sulfide;6;1421;206;187;376
612;C14H30S;1-tetradecanethiol;7;1909;152;164;341
613;C14H30S2;heptyl-disulfide;7;1879;140;175;357
614;C15H18;1-pentylnaphthalene;7;2000;170;185;360
615;C15H18;2-pentylnaphthalene;7;2006;170;190;370
616;C15H24;1-phenylnonane;7;1863;168;142;316
617;C15H28;1-pentadecyne;7;1972;188;140;349
618;C15H30;1-pentadecene;7;1782;163;134;302
619;C15H30;1-cyclopentyldecane;7;1826;163;141;314
620;C15H30;1-cyclohexylnonane;7;1850;168;141;316
621;C15H32;pentadecane;7;1790;161;136;304
622;C15H32O;1-pentadecanol;6;1205;54;230;339
623;C15H32S;butyl-undecyl-sulfide;6;1421;206;196;397
624;C15H32S;dodecyl-propyl-sulfide;6;1421;206;196;397
625;C15H32S;ethyl-tridecyl-sulfide;6;1421;206;196;397
626;C15H32S;methyl-tetradecyl-sulfide;6;1421;206;196;397
627;C15H32S;1-pentadecanethiol;7;1951;146;176;356
628;C16H26;1-phenyldecane;7;1904;160;155;333
629;C16H26;pentaethylbenzene;8;2973;272;86;277
630;C16H30;1-hexadecyne;7;2155;185;172;367
631;C16H32;1-hexadecene;7;1844;158;147;319
632;C16H32;1-cyclopentylundecane;7;1869;156;154;330
633;C16H32;1-cyclohexyldecane;7;1899;161;154;333
634;C16H34;hexadecane;7;1831;154;149;321
635;C16H34O;1-hexadecanol;6;1380;91;145;190
636;C16H34S;butyl-dodecyl-sulfide;5;1421;206;204;416
637;C16H34S;ethyl-tetradecyl-sulfide;5;1421;206;204;416
638;C16H34S;methyl-pentadecyl-sulfide;5;1421;206;204;416
639;C16H34S;octyl-sulfide;5;1421;206;204;416
640;C16H34S;propyl-tridecyl-sulfide;5;1421;206;204;416
641;C16H34S;1-hexadecanethiol;7;1990;140;188;370
642;C16H34S2;octyl-disulfide;7;1936;129;196;383
643;C17H28;1-phenylundecane;7;1944;153;168;349
644;C17H32;1-heptadecyne;7;2216;182;184;384
645;C17H34;1-heptadecene;7;1878;152;159;335
646;C17H34;1-cyclopentyldodecane;7;1909;149;168;346
647;C17H34;1-cyclohexylundecane;7;1940;155;167;349
648;C17H36;heptadecane;7;1865;149;161;337
649;C17H36O;1-heptadecanol;7;1595;85;191;383
650;C17H36S;butyl-tridecyl-sulfide;5;1421;206;212;434
651;C17H36S;ethyl-pentadecyl-sulfide;5;1421;206;212;434
652;C17H36S;hexadecyl-methyl-sulfide;5;1421;206;212;434
653;C17H36S;propyl-tetradecyl-sulfide;5;1421;206;212;434
654;C17H36S;1-heptadecanethiol;7;2027;135;198;384
655;C18H30;1-phenyldodecane;7;1982;146;181;363
656;C18H30;hexaethylbenzene;8;2361;213;134;298
657;C18H34;1-octadecyne;8;2281;180;196;400
658;C18H36;1-octadecene;7;1918;146;171;350
659;C18H36;1-cycopentyltridecane;7;1947;142;180;361
660;C18H36;1-cyclohexyldodecane;7;1977;148;179;364
661;C18H38;octadecane;7;1894;143;172;352
662;C18H38O;1-octadecanol;7;1632;80;201;385
663;C18H38S;butyl-tetradecyl-sulfide;5;1421;206;220;452
664;C18H38S;ethyl-hexadecyl-sulfide;5;1421;206;220;452
665;C18H38S;heptadecyl-methyl-sulfide;5;1421;206;220;452
666;C18H38S;nonyl-sulfide;5;1421;206;220;452
667;C18H38S;pentadecyl-propyl-sulfide;5;1421;206;220;452
668;C18H38S;1-octadecanethiol;7;2061;129;209;397
669;C18H38S2;nonyl-disulfide;7;1982;117;215;407
670;C19H32;1-phenyltridecane;7;2014;138;193;377
671;C19H36;1-nonadecyne;8;2337;177;208;416
672;C19H38;1-nonadecene;7;1962;141;183;364
673;C19H38;1-cyclopentyltetradecane;7;1982;135;192;375
674;C19H38;1-cyclohexyltridecane;7;2012;142;191;378
675;C19H40;nonadecane;7;1933;138;184;366
676;C19H40O;1-nonadecanol;7;1632;80;274;395
677;C19H40S;butyl-pentadecyl-sulfide;5;1421;206;227;468
678;C19H40S;ethyl-heptadecyl-sulfide;5;1421;206;227;468
679;C19H40S;hexadecyl-propyl-sulfide;5;1421;206;227;468
680;C19H40S;methyl-octadecyl-sulfide;5;1421;206;227;468
681;C19H40S;1-nonadecanethiol;7;2094;124;219;409
682;C20H34;1-phenyltetradecane;7;2042;130;205;390
683;C20H38;1-eicosyne;8;2386;174;219;431
684;C20H40;1-eicosene;7;1995;136;193;378
685;C20H40;1-cyclopentylpentadecane;7;2016;128;203;388
686;C20H40;1-cyclohexyltetradecane;7;2046;135;203;392
687;C20H42;eicosane;7;2033;132;198;379
688;C20H42O;1-eicosanol;7;1699;70;219;406
689;C20H42S;butyl-hexadecyl-sulfide;5;1421;206;233;484
690;C20H42S;decyl-sulfide;5;1421;206;233;484
691;C20H42S;ethyl-octadecyl-sulfide;5;1421;206;233;484
692;C20H42S;heptadecyl-propyl-sulfide;5;1421;206;233;484
693;C20H42S;methyl-nonadecyl-sulfide;5;1421;206;233;484
694;C20H42S;1-eicosanethiol;7;2125;119;229;421
695;C20H42S2;decyl-disulfide;7;2019;103;235;429
696;C21H36;1-phenylpentadecane;7;2067;122;216;403
697;C21H42;1-cyclopentylhexadecane;7;2048;121;215;401
698;C21H42;1-cyclohexylpentadecane;7;2078;129;213;404
699;C22H38;1-phenylhexadecane;7;2095;114;227;415
700;C22H44;1-cyclohexylhexadecane;7;2099;122;224;416